source_stream,recency_window,match_id,start_time,duration_seconds,radiant_win,lobby_type,game_mode,patch,region,radiant_score,dire_score,league_id,league_name
public_matches,2025_2026,8769331997,1776027022,0,False,14,13,60,8,0,0,0,
public_matches,2025_2026,8769330345,1776026911,0,False,14,13,60,3,0,0,0,
public_matches,2025_2026,8769328983,1776026817,0,False,14,13,60,10,0,0,0,
public_matches,2025_2026,8769325413,1776026591,0,False,14,13,60,15,0,0,0,
public_matches,2025_2026,8769325372,1776026586,0,False,4,1,60,8,0,0,0,
public_matches,2025_2026,8769323863,1776026497,0,False,14,13,60,3,0,0,0,
public_matches,2025_2026,8769322196,1776026397,0,False,14,13,60,3,0,0,0,
public_matches,2025_2026,8769320621,1776026297,489,True,0,23,60,3,8,3,0,
public_matches,2025_2026,8769320296,1776026282,0,False,14,13,60,8,0,0,0,
public_matches,2025_2026,8769319481,1776026222,467,True,0,23,60,8,12,11,0,
public_matches,2025_2026,8769318550,1776026172,682,True,14,13,60,1,38,0,0,
public_matches,2025_2026,8769317236,1776026081,466,False,0,23,60,15,2,9,0,
public_matches,2025_2026,8769316987,1776026077,0,False,14,13,60,2,0,0,0,
public_matches,2025_2026,8769316841,1776026062,833,False,0,23,60,9,15,36,0,
public_matches,2025_2026,8769315835,1776026002,721,True,0,23,60,8,15,10,0,
public_matches,2025_2026,8769315627,1776025987,623,False,0,23,60,3,6,12,0,
public_matches,2025_2026,8769315419,1776025972,764,False,0,23,60,8,7,20,0,
public_matches,2025_2026,8769315239,1776025962,525,False,0,23,60,8,1,18,0,
public_matches,2025_2026,8769315226,1776025961,703,False,7,22,60,8,5,17,0,
public_matches,2025_2026,8769314785,1776025937,619,False,0,22,60,8,6,3,0,
public_matches,2025_2026,8769314471,1776025916,690,False,0,23,60,19,4,54,0,
public_matches,2025_2026,8769314308,1776025891,836,False,0,23,60,15,8,18,0,
public_matches,2025_2026,8769314031,1776025886,393,False,0,23,60,8,13,8,0,
public_matches,2025_2026,8769313770,1776025877,992,False,0,23,60,8,16,48,0,
public_matches,2025_2026,8769313781,1776025876,948,False,0,23,60,8,9,36,0,
public_matches,2025_2026,8769313793,1776025872,671,False,0,4,60,3,7,11,0,
public_matches,2025_2026,8769313718,1776025872,539,True,0,23,60,10,11,4,0,
public_matches,2025_2026,8769314132,1776025871,931,False,0,23,60,9,12,41,0,
public_matches,2025_2026,8769313806,1776025871,788,True,0,23,60,9,22,8,0,
public_matches,2025_2026,8769313290,1776025847,957,True,0,23,60,3,35,11,0,
public_matches,2025_2026,8769313273,1776025847,964,True,0,23,60,8,24,23,0,
public_matches,2025_2026,8769313256,1776025847,864,True,0,23,60,8,42,12,0,
public_matches,2025_2026,8769313366,1776025846,851,True,0,4,60,15,15,7,0,
public_matches,2025_2026,8769312996,1776025827,991,False,7,22,60,5,1,83,0,
public_matches,2025_2026,8769312882,1776025821,1009,False,0,23,60,9,5,48,0,
public_matches,2025_2026,8769312855,1776025817,1037,False,0,23,60,8,14,37,0,
public_matches,2025_2026,8769312616,1776025806,1009,True,0,23,60,9,36,23,0,
public_matches,2025_2026,8769312526,1776025802,1096,True,0,23,60,5,34,11,0,
public_matches,2025_2026,8769312492,1776025802,778,False,0,23,60,,9,39,0,
public_matches,2025_2026,8769312371,1776025791,1002,False,0,23,60,3,11,35,0,
public_matches,2025_2026,8769312334,1776025791,976,False,0,23,60,3,9,36,0,
public_matches,2025_2026,8769312268,1776025787,1082,True,0,23,60,8,52,24,0,
public_matches,2025_2026,8769312309,1776025786,1070,False,0,23,60,8,16,43,0,
public_matches,2025_2026,8769312201,1776025782,430,False,0,23,60,,7,14,0,
public_matches,2025_2026,8769312171,1776025776,977,True,0,23,60,8,46,21,0,
public_matches,2025_2026,8769312113,1776025772,1065,False,0,23,60,8,11,21,0,
public_matches,2025_2026,8769312015,1776025772,1122,True,0,23,60,8,31,14,0,
public_matches,2025_2026,8769311901,1776025767,1035,True,0,23,60,8,32,16,0,
public_matches,2025_2026,8769311850,1776025767,0,False,14,13,60,3,0,0,0,
public_matches,2025_2026,8769311914,1776025766,1090,False,0,23,60,10,15,39,0,
public_matches,2025_2026,8769311878,1776025757,1093,True,0,23,60,8,31,12,0,
public_matches,2025_2026,8769312007,1776025756,1082,False,0,23,60,8,15,46,0,
public_matches,2025_2026,8769311652,1776025752,820,False,0,23,60,,9,19,0,
public_matches,2025_2026,8769312101,1776025751,1096,False,0,23,60,8,11,33,0,
public_matches,2025_2026,8769311722,1776025751,1047,False,0,23,60,8,11,37,0,
public_matches,2025_2026,8769311649,1776025751,1048,False,0,23,60,8,8,33,0,
public_matches,2025_2026,8769311957,1776025747,1031,True,0,23,60,9,32,22,0,
public_matches,2025_2026,8769311560,1776025747,1097,True,0,23,60,5,40,18,0,
public_matches,2025_2026,8769311473,1776025737,1060,True,0,23,60,8,47,25,0,
public_matches,2025_2026,8769311436,1776025737,992,False,0,23,60,8,10,36,0,
public_matches,2025_2026,8769311312,1776025737,994,True,14,13,60,8,33,2,0,
public_matches,2025_2026,8769311299,1776025731,1056,False,0,23,60,8,20,48,0,
public_matches,2025_2026,8769311201,1776025727,1024,False,0,23,60,8,23,29,0,
public_matches,2025_2026,8769311257,1776025726,964,False,0,23,60,10,13,31,0,
public_matches,2025_2026,8769311234,1776025726,1137,False,0,23,60,8,16,37,0,
public_matches,2025_2026,8769311112,1776025721,713,True,0,23,60,10,22,16,0,
public_matches,2025_2026,8769311125,1776025716,1117,False,0,23,60,10,25,37,0,
public_matches,2025_2026,8769310910,1776025711,1053,True,0,23,60,3,46,14,0,
public_matches,2025_2026,8769310963,1776025706,1040,True,0,23,60,14,29,14,0,
public_matches,2025_2026,8769310834,1776025706,871,False,0,23,60,8,13,33,0,
public_matches,2025_2026,8769310846,1776025702,773,False,0,22,60,9,1,50,0,
public_matches,2025_2026,8769310821,1776025702,944,True,0,23,60,9,30,8,0,
public_matches,2025_2026,8769310777,1776025702,1144,False,0,23,60,8,18,47,0,
public_matches,2025_2026,8769310876,1776025701,1069,True,0,23,60,8,51,14,0,
public_matches,2025_2026,8769310800,1776025701,1110,False,0,23,60,8,7,46,0,
public_matches,2025_2026,8769310797,1776025701,628,False,0,22,60,8,9,3,0,
public_matches,2025_2026,8769310843,1776025697,627,False,7,22,60,3,5,12,0,
public_matches,2025_2026,8769310691,1776025697,1190,False,0,23,60,8,24,40,0,
public_matches,2025_2026,8769310685,1776025697,910,True,0,23,60,8,37,17,0,
public_matches,2025_2026,8769310792,1776025692,1133,True,0,22,60,8,21,12,0,
public_matches,2025_2026,8769310563,1776025692,988,True,14,13,60,5,37,5,0,
public_matches,2025_2026,8769310809,1776025691,981,True,0,23,60,1,18,5,0,
public_matches,2025_2026,8769310665,1776025691,986,True,0,23,60,8,30,12,0,
public_matches,2025_2026,8769310872,1776025687,1032,True,0,23,60,20,23,8,0,
public_matches,2025_2026,8769310543,1776025687,1072,False,7,22,60,8,7,97,0,
public_matches,2025_2026,8769310521,1776025687,1186,False,0,23,60,8,22,43,0,
public_matches,2025_2026,8769310639,1776025686,1192,False,0,23,60,8,13,45,0,
public_matches,2025_2026,8769310558,1776025686,797,True,0,22,60,2,13,12,0,
public_matches,2025_2026,8769310519,1776025686,1058,False,0,23,60,8,26,40,0,
public_matches,2025_2026,8769310449,1776025682,1227,True,0,23,60,9,30,19,0,
public_matches,2025_2026,8769310551,1776025677,1085,True,7,22,60,8,23,11,0,
public_matches,2025_2026,8769310362,1776025677,1131,True,0,23,60,9,42,16,0,
public_matches,2025_2026,8769310407,1776025672,1219,True,0,23,60,8,42,33,0,
public_matches,2025_2026,8769310313,1776025672,1188,True,0,23,60,8,41,22,0,
public_matches,2025_2026,8769310306,1776025671,1163,False,0,23,60,8,17,44,0,
public_matches,2025_2026,8769310274,1776025671,1216,True,0,23,60,3,23,11,0,
public_matches,2025_2026,8769310226,1776025667,1025,False,0,23,60,8,12,47,0,
public_matches,2025_2026,8769310289,1776025662,1044,True,0,23,60,8,38,4,0,
public_matches,2025_2026,8769310322,1776025661,1174,True,0,23,60,8,40,26,0,
public_matches,2025_2026,8769310157,1776025661,1127,False,0,23,60,15,28,52,0,
pro_matches,2025_2026,8769291987,1776024665,1766,True,1,2,60,3,31,15,19201,
pro_matches,2025_2026,8769240146,1776022454,2666,True,1,2,60,8,31,17,19448,
pro_matches,2025_2026,8769245008,1776022097,2513,False,1,2,60,3,11,40,19448,
pro_matches,2025_2026,8769210783,1776021183,4010,True,1,2,60,8,45,29,19448,
pro_matches,2025_2026,8769220424,1776020870,2935,False,1,2,60,3,33,50,18866,
pro_matches,2025_2026,8769169796,1776018495,2641,True,1,2,60,38,31,33,19448,
pro_matches,2025_2026,8769160697,1776018087,2018,False,1,2,60,8,32,47,18867,
pro_matches,2025_2026,8769156333,1776017882,1466,True,1,2,60,8,26,4,19448,
pro_matches,2025_2026,8769147161,1776017466,2865,True,1,2,60,8,23,21,19448,
pro_matches,2025_2026,8769136722,1776016995,1336,True,1,2,60,38,36,13,19448,
pro_matches,2025_2026,8769132285,1776016973,2011,True,1,2,60,3,25,24,18866,
pro_matches,2025_2026,8769132568,1776016898,3141,False,1,2,60,3,28,37,19448,
pro_matches,2025_2026,8769092897,1776015022,1850,False,1,2,60,8,19,43,18867,
pro_matches,2025_2026,8769051167,1776013497,1759,False,1,2,60,38,9,32,19448,
pro_matches,2025_2026,8769049388,1776013217,1972,False,1,2,60,38,16,35,19448,
pro_matches,2025_2026,8769031848,1776013212,2442,True,1,2,60,8,17,5,19448,
pro_matches,2025_2026,8769027413,1776013145,2879,True,1,2,60,8,27,8,19448,
pro_matches,2025_2026,8769030322,1776012352,1666,False,1,2,60,8,7,41,18867,
pro_matches,2025_2026,8768995011,1776010933,2900,False,1,2,60,3,17,34,19448,
pro_matches,2025_2026,8768934224,1776008414,1509,True,1,2,60,8,30,20,18867,
pro_matches,2025_2026,8768894035,1776006881,2617,False,1,2,60,3,16,39,19448,
pro_matches,2025_2026,8768888971,1776006693,2397,False,1,2,60,3,23,42,19448,
pro_matches,2025_2026,8768843598,1776005031,2123,True,1,2,60,8,25,14,19448,
pro_matches,2025_2026,8768824602,1776004454,2685,False,1,2,60,8,24,48,18867,
pro_matches,2025_2026,8768786182,1776003019,2961,True,1,2,60,8,46,33,19448,
pro_matches,2025_2026,8768767328,1776002547,2409,False,1,2,60,3,15,27,19448,
pro_matches,2025_2026,8768769661,1776002538,2559,True,1,2,60,3,48,19,19448,
pro_matches,2025_2026,8768719210,1776001203,1439,False,1,2,60,8,16,30,18867,
pro_matches,2025_2026,8768731606,1776001113,1082,True,1,2,60,13,21,3,19448,
pro_matches,2025_2026,8768693713,1775999770,3071,True,1,2,60,5,34,21,19448,
pro_matches,2025_2026,8768688669,1775999588,2362,False,1,2,60,5,12,28,19448,
pro_matches,2025_2026,8768652831,1775999408,3704,False,1,2,60,8,31,30,19448,
pro_matches,2025_2026,8768649212,1775998915,2410,False,1,2,60,8,19,43,19448,
pro_matches,2025_2026,8768650953,1775998215,1388,False,1,2,60,13,4,24,19448,
pro_matches,2025_2026,8768639312,1775997779,1865,True,1,2,60,8,26,16,18867,
pro_matches,2025_2026,8768564420,1775995218,2519,True,1,2,60,5,39,16,19448,
pro_matches,2025_2026,8768559871,1775995210,1238,True,1,2,60,13,18,5,19448,
pro_matches,2025_2026,8768555805,1775995210,3950,False,1,2,60,13,22,27,19448,
pro_matches,2025_2026,8768544040,1775995200,2620,False,1,2,60,5,24,30,19448,
pro_matches,2025_2026,8768553107,1775994921,1955,True,1,2,60,8,26,12,19448,
pro_matches,2025_2026,8768534562,1775993744,2612,True,1,2,60,8,55,34,18867,
pro_matches,2025_2026,8768509968,1775993357,2724,True,1,2,60,8,41,23,19448,
pro_matches,2025_2026,8768493467,1775991722,2414,False,1,2,60,3,12,31,19448,
pro_matches,2025_2026,8768492761,1775991690,1894,True,1,2,60,3,43,15,19448,
pro_matches,2025_2026,8768467447,1775990536,2516,True,1,2,60,3,48,41,18959,
pro_matches,2025_2026,8768463356,1775990283,2945,False,1,2,60,8,17,62,19448,
pro_matches,2025_2026,8768455210,1775989938,1849,False,1,2,60,8,16,42,18867,
pro_matches,2025_2026,8768426002,1775988433,2806,True,1,2,60,8,31,29,19448,
pro_matches,2025_2026,8768416436,1775988080,1587,True,1,2,60,3,28,8,19448,
pro_matches,2025_2026,8768416998,1775988069,2056,False,1,2,60,3,12,49,19448,
pro_matches,2025_2026,8768411666,1775987957,1723,False,1,2,60,3,27,38,18959,
pro_matches,2025_2026,8768397486,1775987648,3286,False,1,2,60,5,25,34,19448,
pro_matches,2025_2026,8768407331,1775987479,1597,True,1,2,60,8,34,16,18867,
pro_matches,2025_2026,8768379285,1775986043,1564,True,1,2,60,5,30,8,19448,
pro_matches,2025_2026,8768353857,1775984914,2004,True,1,2,60,3,48,28,18959,
pro_matches,2025_2026,8768354519,1775984800,2510,False,1,2,60,13,25,28,19448,
pro_matches,2025_2026,8768352277,1775984722,1722,True,1,2,60,8,48,21,18867,
pro_matches,2025_2026,8768337141,1775984491,3449,True,1,2,60,8,37,39,19448,
pro_matches,2025_2026,8768337245,1775984416,2206,False,1,2,60,8,19,33,19448,
pro_matches,2025_2026,8768344469,1775984283,1429,True,1,2,60,5,24,5,19448,
pro_matches,2025_2026,8768303839,1775982244,1894,True,1,2,60,3,37,30,18959,
pro_matches,2025_2026,8768269137,1775980873,2098,True,1,2,60,13,29,10,19448,
pro_matches,2025_2026,8768260507,1775980808,3382,False,1,2,60,5,17,43,19448,
pro_matches,2025_2026,8768267843,1775980803,1783,True,1,2,60,5,38,12,19448,
pro_matches,2025_2026,8768265413,1775980278,2704,False,1,2,60,8,41,49,18867,
pro_matches,2025_2026,8768262170,1775980036,1755,True,1,2,60,3,37,28,18959,
pro_matches,2025_2026,8768214839,1775977272,2010,False,1,2,60,3,38,34,18959,
pro_matches,2025_2026,8768181034,1775975146,2874,True,1,2,60,8,49,48,18867,
pro_matches,2025_2026,8768174111,1775974804,1921,True,1,2,60,3,27,20,18959,
pro_matches,2025_2026,8768156722,1775973600,1862,True,1,2,60,3,43,25,18959,
pro_matches,2025_2026,8768135612,1775972113,1851,True,1,2,60,3,43,32,18959,
pro_matches,2025_2026,8768129330,1775971616,2052,True,1,2,60,5,27,11,19448,
pro_matches,2025_2026,8768126581,1775971493,2535,True,1,2,60,8,44,44,18867,
pro_matches,2025_2026,8768125436,1775971333,2801,True,1,2,60,5,37,26,19448,
pro_matches,2025_2026,8768124041,1775971262,1700,False,1,2,60,3,21,35,18959,
pro_matches,2025_2026,8768118591,1775970838,2010,True,1,2,60,13,21,7,19448,
pro_matches,2025_2026,8768112707,1775970398,2526,True,1,2,60,17,27,24,19448,
pro_matches,2025_2026,8768097364,1775969244,1844,True,1,2,60,3,36,31,18959,
pro_matches,2025_2026,8768088914,1775968623,2117,False,1,2,60,3,36,44,18959,
pro_matches,2025_2026,8768075956,1775967546,2433,False,1,2,60,5,11,36,19448,
pro_matches,2025_2026,8768065801,1775966758,1774,False,1,2,60,3,22,31,18959,
pro_matches,2025_2026,8768062819,1775966758,2283,False,1,2,60,13,19,26,19448,
pro_matches,2025_2026,8768061677,1775966656,1958,False,1,2,60,17,9,22,19448,
pro_matches,2025_2026,8768060465,1775966435,2983,False,1,2,60,5,14,31,19448,
pro_matches,2025_2026,8768060635,1775966305,2342,True,1,2,60,8,40,33,18867,
pro_matches,2025_2026,8768052754,1775965724,1942,True,1,2,60,3,35,24,18959,
pro_matches,2025_2026,8768031307,1775963871,1946,True,1,2,60,5,27,22,19502,
pro_matches,2025_2026,8768027244,1775963591,1638,False,1,2,60,8,37,43,18867,
pro_matches,2025_2026,8768023780,1775963271,1692,False,1,2,60,3,18,34,18959,
pro_matches,2025_2026,8767990631,1775960416,1819,True,1,2,60,5,31,16,19502,
pro_matches,2025_2026,8767948896,1775956481,1938,False,1,2,60,5,20,26,19502,
pro_matches,2025_2026,8767931544,1775954686,1107,True,1,2,60,5,19,15,19502,
pro_matches,2025_2026,8767912354,1775952742,1374,False,1,2,60,2,9,49,19467,
pro_matches,2025_2026,8767888560,1775950418,2209,False,1,2,60,2,37,42,19467,
pro_matches,2025_2026,8767876961,1775949276,2446,False,1,2,60,5,30,21,19502,
pro_matches,2025_2026,8767845436,1775946702,2001,False,1,2,60,38,15,35,19448,
pro_matches,2025_2026,8767828461,1775945526,3234,True,1,2,60,2,54,58,19467,
pro_matches,2025_2026,8767827341,1775945392,1188,False,1,2,60,38,6,27,19448,
pro_matches,2025_2026,8767780388,1775942537,2240,True,1,2,60,2,53,51,19467,
pro_matches,2025_2026,8767769376,1775941869,2968,False,1,2,60,38,41,34,19448,
pro_matches,2025_2026,8767769290,1775941837,2156,True,1,2,60,38,30,11,19448,
pro_matches,2025_2026,8767762456,1775941410,1907,True,1,2,60,,38,11,19448,
pro_matches,2025_2026,8767742293,1775940337,2398,False,1,2,60,8,25,33,18867,
pro_matches,2025_2026,8767705117,1775938616,1565,False,1,2,60,2,5,33,19448,
pro_matches,2025_2026,8767698880,1775938264,2613,False,1,2,60,2,42,44,19467,
pro_matches,2025_2026,8767681687,1775937411,2054,True,1,2,60,8,37,27,18867,
pro_matches,2025_2026,8767575500,1775932827,2096,False,1,2,60,8,26,35,18867,
pro_matches,2025_2026,8767542788,1775931268,1881,False,1,2,60,8,17,55,16251,
pro_matches,2025_2026,8767499548,1775929489,2111,False,1,2,60,8,30,38,18867,
pro_matches,2025_2026,8767480307,1775929482,2214,False,1,2,60,2,29,46,19503,
pro_matches,2025_2026,8767416715,1775926163,1592,True,1,2,60,2,38,11,19503,
pro_matches,2025_2026,8767402615,1775925589,2686,False,1,2,60,8,32,37,18867,
pro_matches,2025_2026,8767380962,1775924732,2451,True,1,2,60,8,78,43,16251,
pro_matches,2025_2026,8767315187,1775922259,1763,True,1,2,60,8,43,11,18867,
pro_matches,2025_2026,8767261875,1775920321,2113,True,1,2,60,3,30,17,19255,
pro_matches,2025_2026,8767252952,1775920001,1008,True,1,2,60,3,29,4,19448,
pro_matches,2025_2026,8767241386,1775919692,2380,False,1,2,60,3,24,37,18866,
pro_matches,2025_2026,8767224004,1775919157,1996,False,1,2,60,8,23,32,18867,
pro_matches,2025_2026,8767163289,1775916903,1566,True,1,2,60,3,33,9,18866,
pro_matches,2025_2026,8767154359,1775916820,1827,True,1,2,60,,37,19,19503,
pro_matches,2025_2026,8767155110,1775916739,1815,False,1,2,60,3,10,35,19448,
pro_matches,2025_2026,8767142932,1775916195,1584,True,1,2,60,8,26,6,19448,
pro_matches,2025_2026,8767122402,1775915464,3083,False,1,2,60,3,30,35,19255,
pro_matches,2025_2026,8767099770,1775914721,2866,False,1,2,60,8,45,60,18867,
pro_matches,2025_2026,8767079382,1775913993,1762,True,1,2,60,2,43,14,19503,
pro_matches,2025_2026,8767035517,1775912709,2544,True,1,2,60,3,38,34,18866,
pro_matches,2025_2026,8767039368,1775912438,1321,True,1,2,60,3,25,2,19255,
pro_matches,2025_2026,8767035271,1775912425,2120,True,1,2,60,8,38,24,19448,
pro_matches,2025_2026,8767001429,1775910941,2419,True,1,2,60,8,61,34,18867,
pro_matches,2025_2026,8766901266,1775906605,2290,True,1,2,60,8,33,46,18867,
pro_matches,2025_2026,8766868898,1775905687,3379,True,1,2,60,5,36,9,19448,
pro_matches,2025_2026,8766874056,1775905520,2312,True,1,2,60,3,52,21,19255,
pro_matches,2025_2026,8766838276,1775903439,2448,True,1,2,60,3,41,25,18866,
pro_matches,2025_2026,8766832923,1775903359,1580,False,1,2,60,8,31,35,18867,
pro_matches,2025_2026,8766799303,1775901734,2258,True,1,2,60,3,45,20,19255,
pro_matches,2025_2026,8766784253,1775900628,1927,True,1,2,60,3,37,29,18959,
pro_matches,2025_2026,8766766359,1775899736,2073,False,1,2,60,3,14,41,18866,
pro_matches,2025_2026,8766761651,1775899405,2814,True,1,2,60,8,61,38,18867,
pro_matches,2025_2026,8766744085,1775898430,5068,False,1,2,60,5,26,46,19448,
pro_matches,2025_2026,8766742524,1775898405,1721,False,1,2,60,3,20,43,18959,
pro_matches,2025_2026,8766696716,1775896090,2112,False,1,2,60,5,25,29,18865,
pro_matches,2025_2026,8766701267,1775896029,1826,False,1,2,60,3,23,28,18959,
pro_matches,2025_2026,8766695692,1775895770,2226,True,1,2,60,8,33,31,18867,
pro_matches,2025_2026,8766676079,1775894576,2152,True,1,2,60,5,16,11,19448,
pro_matches,2025_2026,8766664862,1775893987,1260,True,1,2,60,3,30,11,18959,
pro_matches,2025_2026,8766639130,1775892336,1878,False,1,2,60,5,14,51,18865,
pro_matches,2025_2026,8766635021,1775892108,1987,True,1,2,60,8,41,17,18867,
pro_matches,2025_2026,8766625068,1775891516,1731,False,1,2,60,3,25,43,18959,
pro_matches,2025_2026,8766581969,1775888704,1649,True,1,2,60,3,42,26,18959,
pro_matches,2025_2026,8766573770,1775888412,2056,True,1,2,60,5,44,22,18865,
pro_matches,2025_2026,8766578628,1775888297,2535,False,1,2,60,8,38,36,18867,
pro_matches,2025_2026,8766562168,1775887612,2102,False,1,2,60,13,13,31,19448,
pro_matches,2025_2026,8766543698,1775885784,1725,False,1,2,60,3,29,44,18959,
pro_matches,2025_2026,8766520422,1775884776,2433,False,1,2,60,8,26,51,18867,
pro_matches,2025_2026,8766515008,1775883468,1477,True,1,2,60,3,30,14,18959,
pro_matches,2025_2026,8766481927,1775881093,1826,False,1,2,60,3,24,42,18959,
pro_matches,2025_2026,8766422090,1775875419,1602,True,1,2,60,3,35,20,19201,
pro_matches,2025_2026,8766396038,1775873140,1647,False,1,2,60,3,15,19,19201,
pro_matches,2025_2026,8766369442,1775870499,2063,False,1,2,60,3,38,45,19201,
pro_matches,2025_2026,8766353410,1775868726,2387,True,1,2,60,15,43,24,19503,
pro_matches,2025_2026,8766344010,1775867629,2240,True,1,2,60,3,52,45,19201,
pro_matches,2025_2026,8766320262,1775865108,1884,False,1,2,60,15,18,47,19503,
pro_matches,2025_2026,8766315219,1775864502,2052,False,1,2,60,3,32,36,19201,
pro_matches,2025_2026,8766301599,1775863065,2039,False,1,2,60,38,33,39,19448,
pro_matches,2025_2026,8766299346,1775862845,3368,True,1,2,60,38,36,35,19448,
pro_matches,2025_2026,8766288757,1775861862,2321,True,1,2,60,38,60,36,19448,
pro_matches,2025_2026,8766288741,1775861861,1787,True,1,2,60,38,40,8,19448,
pro_matches,2025_2026,8766285720,1775861674,2051,True,1,2,60,3,45,35,19201,
pro_matches,2025_2026,8766258742,1775859476,3554,False,1,2,60,15,35,65,19503,
pro_matches,2025_2026,8766256946,1775859208,1587,True,1,2,60,38,56,14,19448,
pro_matches,2025_2026,8766256040,1775859141,2026,False,1,2,60,38,11,37,19448,
pro_matches,2025_2026,8766253297,1775858940,1872,False,1,2,60,38,15,62,19448,
pro_matches,2025_2026,8766251302,1775858892,2196,False,1,2,60,3,26,40,19201,
pro_matches,2025_2026,8766247585,1775858524,2276,False,1,2,60,38,20,42,19448,
pro_matches,2025_2026,8766245839,1775858397,2050,True,1,2,60,38,42,15,19448,
pro_matches,2025_2026,8766242673,1775858172,1570,False,1,2,60,38,6,48,19448,
pro_matches,2025_2026,8766239588,1775857955,2997,True,1,2,60,2,44,32,19448,
pro_matches,2025_2026,8766227560,1775857140,3663,True,1,2,60,38,63,50,19448,
pro_matches,2025_2026,8766208433,1775856027,2138,False,1,2,60,3,30,41,19201,
pro_matches,2025_2026,8766203424,1775855617,2211,False,1,2,60,38,19,42,19448,
pro_matches,2025_2026,8766200414,1775855435,2095,False,1,2,60,38,20,46,19448,
pro_matches,2025_2026,8766200124,1775855416,1787,True,1,2,60,38,39,12,19448,
pro_matches,2025_2026,8766199551,1775855383,1238,True,1,2,60,,31,14,19448,
pro_matches,2025_2026,8766199126,1775855359,1946,True,1,2,60,38,39,32,19448,
pro_matches,2025_2026,8766199101,1775855357,1160,True,1,2,60,38,48,3,19448,
pro_matches,2025_2026,8766194112,1775855070,1700,False,1,2,60,38,18,45,19448,
pro_matches,2025_2026,8766193909,1775855058,1476,True,1,2,60,38,52,16,19448,
pro_matches,2025_2026,8766168681,1775854711,4020,True,1,2,60,3,26,41,19255,
pro_matches,2025_2026,8766185902,1775854594,3118,True,1,2,60,2,6,4,19448,
pro_matches,2025_2026,8766164887,1775853574,1726,True,1,2,60,3,40,29,19201,
pro_matches,2025_2026,8766156752,1775852982,1227,True,1,2,60,,37,8,19448,
pro_matches,2025_2026,8766147514,1775852634,2202,False,1,2,60,2,17,35,19503,
pro_matches,2025_2026,8766147608,1775852502,1452,True,1,2,60,2,55,9,19448,
pro_matches,2025_2026,8766135898,1775851906,1066,True,1,2,60,2,35,6,19448,
pro_matches,2025_2026,8766128777,1775851551,2219,False,1,2,60,2,14,37,19448,
pro_matches,2025_2026,8766122013,1775851403,1483,False,1,2,60,3,15,32,19201,
pro_matches,2025_2026,8766089530,1775849796,2157,True,1,2,60,3,39,7,19255,
pro_matches,2025_2026,8766051012,1775847928,2037,False,1,2,60,8,25,37,18867,
pro_matches,2025_2026,8766043944,1775847711,3206,True,1,2,60,,44,33,19503,
pro_matches,2025_2026,8765976782,1775844913,3210,True,1,2,60,3,31,26,19255,
pro_matches,2025_2026,8765936372,1775843282,2731,True,1,2,60,8,50,47,18867,
pro_matches,2025_2026,8765867665,1775840402,2411,True,1,2,60,3,41,25,19255,
pro_matches,2025_2026,8765843068,1775839036,1631,False,1,2,60,8,29,44,18867,
pro_matches,2025_2026,8765834722,1775838743,1564,False,1,2,60,3,25,46,18959,
pro_matches,2025_2026,8765819628,1775838263,1677,False,1,2,60,2,14,31,19503,
pro_matches,2025_2026,8765781391,1775836944,1729,True,1,2,60,3,24,15,19255,
pro_matches,2025_2026,8765789326,1775836919,2129,True,1,2,60,3,22,15,19448,
pro_matches,2025_2026,8765770037,1775836181,1659,False,1,2,60,3,22,27,18959,
pro_matches,2025_2026,8765739689,1775835014,2228,False,1,2,60,3,17,46,19448,
pro_matches,2025_2026,8765707591,1775833817,2290,False,1,2,60,8,26,37,19448,
pro_matches,2025_2026,8765699638,1775833565,3324,True,1,2,60,8,52,72,18867,
pro_matches,2025_2026,8765688078,1775833220,2251,False,1,2,60,3,12,33,19255,
pro_matches,2025_2026,8765689341,1775833189,2334,False,1,2,60,3,39,42,18959,
pro_matches,2025_2026,8765685074,1775832973,2143,False,1,2,60,3,16,40,19448,
pro_matches,2025_2026,8765684866,1775832966,2058,True,1,2,60,8,31,8,19448,
pro_matches,2025_2026,8765684190,1775832941,1950,True,1,2,60,3,31,10,19448,
pro_matches,2025_2026,8765668985,1775832371,1156,True,1,2,60,3,37,8,19448,
pro_matches,2025_2026,8765636469,1775831159,970,True,1,2,60,3,23,3,19448,
pro_matches,2025_2026,8765619705,1775830522,965,True,1,2,60,3,37,3,19448,
pro_matches,2025_2026,8765616330,1775830412,1754,False,1,2,60,3,24,50,18959,
pro_matches,2025_2026,8765603157,1775830029,1091,True,1,2,60,38,36,6,19503,
pro_matches,2025_2026,8765604275,1775829930,1423,True,1,2,60,8,43,9,19448,
pro_matches,2025_2026,8765600803,1775829795,1783,True,1,2,60,3,43,14,19448,
pro_matches,2025_2026,8765599903,1775829760,781,True,1,2,60,3,38,4,19448,
pro_matches,2025_2026,8765597299,1775829660,2711,True,1,1,60,3,22,13,19255,
pro_matches,2025_2026,8765589752,1775829363,2094,False,1,2,60,8,16,41,19448,
pro_matches,2025_2026,8765579393,1775828956,2056,False,1,2,60,8,19,38,19448,
pro_matches,2025_2026,8765576597,1775828845,3151,False,1,2,60,8,34,34,19448,
pro_matches,2025_2026,8765574991,1775828782,1744,True,1,2,60,8,35,12,18867,
pro_matches,2025_2026,8765549087,1775827797,1866,True,1,2,60,3,39,18,18959,
pro_matches,2025_2026,8765528336,1775826915,1504,True,1,2,60,38,47,15,19503,
pro_matches,2025_2026,8765518896,1775826523,1212,True,1,2,60,8,55,3,19448,
pro_matches,2025_2026,8765517451,1775826463,1260,True,1,2,60,8,43,9,19448,
pro_matches,2025_2026,8765514495,1775826337,1569,True,1,2,60,8,71,23,19448,
pro_matches,2025_2026,8765510682,1775826172,2347,True,1,2,60,8,43,14,19448,
pro_matches,2025_2026,8765510106,1775826147,1303,True,1,2,60,8,66,12,19448,
pro_matches,2025_2026,8765509135,1775826103,985,True,1,2,60,8,30,1,19448,
pro_matches,2025_2026,8765508653,1775826083,1863,False,1,2,60,8,8,43,19448,
pro_matches,2025_2026,8765484698,1775825042,1939,True,1,2,60,3,42,21,18959,
pro_matches,2025_2026,8765478656,1775824963,2018,True,1,2,60,3,39,9,19255,
pro_matches,2025_2026,8765471162,1775824488,2810,False,1,2,60,8,22,53,18867,
pro_matches,2025_2026,8765434266,1775822651,1873,False,1,2,60,3,16,32,18959,
pro_matches,2025_2026,8765407551,1775821185,1927,True,1,2,60,3,49,15,19255,
pro_matches,2025_2026,8765393658,1775820431,2035,False,1,2,60,8,40,35,18867,
pro_matches,2025_2026,8765372076,1775819264,2024,False,1,2,60,3,20,39,18959,
pro_matches,2025_2026,8765355208,1775818219,1303,True,1,2,60,8,28,16,18867,
pro_matches,2025_2026,8765339176,1775817128,2058,True,1,2,60,5,43,19,19448,
pro_matches,2025_2026,8765322436,1775816034,1884,False,1,2,60,3,23,31,18959,
pro_matches,2025_2026,8765317021,1775815953,3339,False,1,2,60,3,34,37,19255,
pro_matches,2025_2026,8765298569,1775814389,1901,False,1,2,60,8,31,49,18867,
pro_matches,2025_2026,8765287761,1775813565,1803,False,1,2,60,3,18,34,18959,
pro_matches,2025_2026,8765281928,1775813065,1888,True,1,2,60,5,27,8,19448,
pro_matches,2025_2026,8765274324,1775812487,2835,True,1,2,60,5,30,17,19448,
pro_matches,2025_2026,8765269161,1775812098,1248,False,1,2,60,8,18,33,18867,
pro_matches,2025_2026,8765264464,1775811735,2053,False,1,2,60,5,12,34,19448,
pro_matches,2025_2026,8765260718,1775811704,2766,False,1,2,60,3,30,34,19255,
pro_matches,2025_2026,8765249669,1775810577,2179,True,1,2,60,3,41,25,18959,
pro_matches,2025_2026,8765233277,1775809316,1856,False,1,2,60,8,18,46,18867,
pro_matches,2025_2026,8765233808,1775809309,2172,True,1,2,60,5,24,19,19448,
pro_matches,2025_2026,8765231116,1775809091,1959,True,1,2,60,5,39,13,19448,
pro_matches,2025_2026,8765223876,1775808508,1917,False,1,2,60,5,14,43,19448,
pro_matches,2025_2026,8765220832,1775808256,2814,True,1,2,60,5,36,20,19448,
pro_matches,2025_2026,8765218824,1775808089,2323,True,1,2,60,5,36,15,19448,
pro_matches,2025_2026,8765203917,1775806844,1768,False,1,2,60,3,18,31,18959,
pro_matches,2025_2026,8765189352,1775805558,2307,False,1,2,60,8,28,61,18867,
pro_matches,2025_2026,8765176483,1775804410,2399,False,1,2,60,3,30,54,18959,
pro_matches,2025_2026,8765173401,1775804050,1860,True,1,2,60,3,40,25,18959,
pro_matches,2025_2026,8765153512,1775802133,2299,False,1,2,60,8,39,44,18867,
pro_matches,2025_2026,8765149029,1775801739,1845,True,1,2,60,3,41,23,18959,
pro_matches,2025_2026,8765148239,1775801638,1756,False,1,2,60,3,21,32,18959,
pro_matches,2025_2026,8765141301,1775801140,2501,False,1,2,60,13,14,46,19448,
pro_matches,2025_2026,8765123402,1775799065,1984,False,1,2,60,8,27,44,18867,
pro_matches,2025_2026,8765123371,1775799049,1559,True,1,2,60,3,27,16,18959,
pro_matches,2025_2026,8765121118,1775798895,1848,False,1,2,60,3,21,36,18959,
pro_matches,2025_2026,8765101059,1775796667,1724,False,1,2,60,3,26,36,18959,
pro_matches,2025_2026,8765098825,1775796420,1903,True,1,2,60,3,34,20,18959,
pro_matches,2025_2026,8765076694,1775794060,1732,True,1,2,60,3,26,15,18959,
pro_matches,2025_2026,8765075636,1775793972,1842,False,1,2,60,3,19,32,18959,
pro_matches,2025_2026,8765034315,1775789441,1903,False,1,2,60,3,33,43,19201,
pro_matches,2025_2026,8765015537,1775787354,1519,False,1,2,60,3,20,32,19201,
pro_matches,2025_2026,8764992484,1775785080,1652,False,1,2,60,3,27,33,19201,
pro_matches,2025_2026,8764967100,1775781500,2095,True,1,2,60,3,38,28,19201,
pro_matches,2025_2026,8764956096,1775780114,1467,False,1,2,60,,9,43,19503,
pro_matches,2025_2026,8764937553,1775777642,1607,False,1,2,60,3,15,29,19201,
pro_matches,2025_2026,8764936140,1775777629,4233,False,1,2,60,38,26,50,19448,
pro_matches,2025_2026,8764927750,1775776408,2088,True,1,2,60,2,44,27,19503,
pro_matches,2025_2026,8764915209,1775775051,1898,False,1,2,60,3,18,37,19201,
pro_matches,2025_2026,8764902052,1775773514,2599,False,1,2,60,38,22,51,19448,
pro_matches,2025_2026,8764894809,1775772923,1533,True,1,2,60,3,30,10,19201,
pro_matches,2025_2026,8764895162,1775772806,1698,False,1,2,60,38,10,29,19448,
pro_matches,2025_2026,8764873049,1775770636,1504,True,1,2,60,3,26,16,19201,
pro_matches,2025_2026,8764868382,1775770190,2137,False,1,2,60,,20,41,19448,
pro_matches,2025_2026,8764865647,1775770022,2868,False,1,2,60,10,42,41,19503,
pro_matches,2025_2026,8764846486,1775768707,2666,True,1,2,60,38,47,26,19448,
pro_matches,2025_2026,8764845708,1775768554,2212,True,1,2,60,38,21,11,19448,
pro_matches,2025_2026,8764841060,1775768142,1684,False,1,2,60,3,13,24,19201,
pro_matches,2025_2026,8764812557,1775766605,1892,False,1,2,60,3,12,34,19255,
pro_matches,2025_2026,8764802401,1775765722,2319,False,1,2,60,2,34,23,19448,
pro_matches,2025_2026,8764801926,1775765674,2471,True,1,2,60,10,53,13,19503,
pro_matches,2025_2026,8764799166,1775765493,3634,False,1,2,60,2,29,30,19448,
pro_matches,2023_2024,8107454803,1735687572,1796,False,1,2,56,3,19,28,17163,
pro_matches,2023_2024,8107417584,1735684585,1861,False,1,2,56,3,28,43,17163,
pro_matches,2023_2024,8107371640,1735681102,1820,True,1,2,56,3,31,27,17163,
pro_matches,2023_2024,8107336076,1735678077,2029,True,1,2,56,3,40,25,17163,
pro_matches,2023_2024,8107301381,1735675527,1654,False,1,2,56,3,18,28,17163,
pro_matches,2023_2024,8107135919,1735666055,1492,True,1,2,56,3,37,18,17233,
pro_matches,2023_2024,8107089583,1735663830,1767,False,1,2,56,3,30,48,17233,
pro_matches,2023_2024,8107047030,1735661926,1404,False,1,2,56,3,24,32,17233,
pro_matches,2023_2024,8107002711,1735659919,1145,False,1,2,56,3,6,35,17233,
pro_matches,2023_2024,8106951286,1735657750,1625,False,1,2,56,3,18,29,17233,
pro_matches,2023_2024,8106937610,1735657128,1867,False,1,2,56,3,34,64,17366,
pro_matches,2023_2024,8106894131,1735655443,1683,False,1,2,56,3,25,28,17233,
pro_matches,2023_2024,8106857839,1735653958,1984,True,1,2,56,3,41,32,17366,
pro_matches,2023_2024,8106830414,1735652813,1871,False,1,2,56,3,26,43,17233,
pro_matches,2023_2024,8106766093,1735650489,1588,True,1,2,56,3,43,24,17233,
pro_matches,2023_2024,8106734263,1735648756,1660,True,1,2,56,3,40,44,17366,
pro_matches,2023_2024,8106653430,1735644885,1773,True,1,2,56,3,50,19,17366,
pro_matches,2023_2024,8106616493,1735643056,1792,True,1,2,56,3,30,17,17233,
pro_matches,2023_2024,8106605273,1735642383,2783,False,1,2,56,3,60,57,16313,
pro_matches,2023_2024,8106604997,1735642343,1551,True,1,2,56,3,36,30,17366,
pro_matches,2023_2024,8106561995,1735639999,1620,True,1,2,56,3,35,24,16313,
pro_matches,2023_2024,8106560136,1735639817,2306,False,1,2,56,3,49,52,17233,
pro_matches,2023_2024,8106544191,1735638768,2917,True,1,2,56,19,15,15,17565,
pro_matches,2023_2024,8106522960,1735637502,1644,True,1,2,56,3,33,22,16313,
pro_matches,2023_2024,8106520248,1735637323,1478,True,1,2,56,3,35,29,17233,
pro_matches,2023_2024,8106506935,1735636392,1967,True,1,2,56,3,45,31,17366,
pro_matches,2023_2024,8106495731,1735635665,1921,True,1,2,56,19,17,16,17565,
pro_matches,2023_2024,8106493282,1735635569,1193,False,1,2,56,3,8,33,16313,
pro_matches,2023_2024,8106483338,1735634882,1850,False,1,2,56,3,26,42,17233,
pro_matches,2023_2024,8106456242,1735633053,1675,True,1,2,56,3,41,23,16313,
pro_matches,2023_2024,8106456080,1735632998,2329,False,1,2,56,3,24,41,17366,
pro_matches,2023_2024,8106443165,1735632107,1836,False,1,2,56,3,15,54,17233,
pro_matches,2023_2024,8106428173,1735631053,1292,True,1,2,56,3,27,12,16313,
pro_matches,2023_2024,8106406730,1735629398,1667,True,1,2,56,3,44,24,17233,
pro_matches,2023_2024,8106394762,1735628566,1682,True,1,2,56,3,25,19,16313,
pro_matches,2023_2024,8106394230,1735628434,2559,True,1,2,56,19,32,18,17565,
pro_matches,2023_2024,8106378536,1735627245,1477,False,1,2,56,3,14,40,17233,
pro_matches,2023_2024,8106365083,1735626113,1612,True,1,2,56,3,35,22,16313,
pro_matches,2023_2024,8106350963,1735624867,2067,False,1,2,56,19,16,24,17565,
pro_matches,2023_2024,8106344696,1735624346,1779,True,1,2,56,3,36,25,17233,
pro_matches,2023_2024,8106334532,1735623472,1908,False,1,2,56,3,19,30,16313,
pro_matches,2023_2024,8106316968,1735621953,1539,False,1,2,56,3,18,39,17233,
pro_matches,2023_2024,8106309436,1735621417,1365,False,1,2,56,3,11,30,16313,
pro_matches,2023_2024,8106215514,1735612997,1606,False,1,2,56,3,24,32,17163,
pro_matches,2023_2024,8106186284,1735610349,1892,False,1,2,56,3,27,60,17163,
pro_matches,2023_2024,8106163025,1735608161,1719,False,1,2,56,3,29,28,17163,
pro_matches,2023_2024,8106132943,1735605373,2017,False,1,2,56,3,28,38,17163,
pro_matches,2023_2024,8106100109,1735602540,2161,True,1,2,56,3,33,36,17163,
pro_matches,2023_2024,8106062563,1735599765,2166,True,1,2,56,3,37,33,17163,
pro_matches,2023_2024,8106060055,1735599554,1966,True,1,2,56,8,45,26,17366,
pro_matches,2023_2024,8106019580,1735597012,1795,False,1,2,56,3,16,31,17163,
pro_matches,2023_2024,8106001128,1735595885,2071,False,1,2,56,8,34,58,17366,
pro_matches,2023_2024,8105972699,1735594492,1841,True,1,2,56,3,28,17,17163,
pro_matches,2023_2024,8105940278,1735592814,2026,False,1,2,56,8,28,55,17366,
pro_matches,2023_2024,8105921800,1735591939,1770,True,1,2,56,3,28,15,17163,
pro_matches,2023_2024,8105862540,1735589184,2094,True,1,2,56,8,51,28,17366,
pro_matches,2023_2024,8105855560,1735588967,2247,False,1,2,56,3,27,28,17163,
pro_matches,2023_2024,8105793073,1735586287,1958,False,1,2,56,8,36,61,17366,
pro_matches,2023_2024,8105729510,1735583590,1133,False,1,2,56,8,25,35,17366,
pro_matches,2023_2024,8105643257,1735580097,2139,True,1,2,56,8,48,34,17366,
pro_matches,2023_2024,8105571510,1735577259,1887,False,1,2,56,3,27,45,17233,
pro_matches,2023_2024,8105505801,1735574833,1782,True,1,2,56,3,33,25,17233,
pro_matches,2023_2024,8105447844,1735572562,1481,True,1,2,56,3,32,13,17233,
pro_matches,2023_2024,8105419802,1735571521,1994,True,1,2,56,3,59,36,17366,
pro_matches,2023_2024,8105379316,1735570115,1935,False,1,2,56,3,19,41,17233,
pro_matches,2023_2024,8105311675,1735567659,1542,True,1,2,56,3,34,17,17233,
pro_matches,2023_2024,8105291689,1735566949,2691,False,1,2,56,3,40,64,17366,
pro_matches,2023_2024,8105246302,1735565332,1866,False,1,2,56,3,20,35,17233,
pro_matches,2023_2024,8105193173,1735563287,1947,False,1,2,56,3,39,30,17366,
pro_matches,2023_2024,8105174911,1735562552,2003,True,1,2,56,3,42,38,17233,
pro_matches,2023_2024,8105131534,1735560750,1732,False,1,2,56,3,13,47,17366,
pro_matches,2023_2024,8105115908,1735560082,1715,False,1,2,56,3,18,51,17233,
pro_matches,2023_2024,8105070081,1735558078,1836,False,1,2,56,3,22,51,17366,
pro_matches,2023_2024,8105068915,1735557949,1443,False,1,2,56,3,10,35,17233,
pro_matches,2023_2024,8105032351,1735556129,1492,True,1,2,56,3,26,15,16313,
pro_matches,2023_2024,8105012507,1735555165,1911,False,1,2,56,3,31,46,17233,
pro_matches,2023_2024,8104985960,1735553532,2209,False,1,1,56,3,32,47,17366,
pro_matches,2023_2024,8104980655,1735553456,1985,False,1,2,56,3,54,42,16313,
pro_matches,2023_2024,8104975374,1735552936,1313,True,1,2,56,3,29,17,17233,
pro_matches,2023_2024,8104970051,1735552600,2189,False,1,2,56,19,24,41,17565,
pro_matches,2023_2024,8104930096,1735550161,2202,True,1,2,56,3,31,25,16313,
pro_matches,2023_2024,8104927749,1735549992,2294,True,1,2,56,3,51,30,17233,
pro_matches,2023_2024,8104919450,1735549434,1881,False,1,2,56,19,19,23,17565,
pro_matches,2023_2024,8104907324,1735548649,1997,True,1,2,56,3,30,31,17366,
pro_matches,2023_2024,8104895136,1735547956,1413,False,1,2,56,3,11,32,16313,
pro_matches,2023_2024,8104883686,1735547096,1900,True,1,2,56,3,37,28,17233,
pro_matches,2023_2024,8104863068,1735545653,1386,False,1,2,56,3,12,37,16313,
pro_matches,2023_2024,8104836232,1735543564,1615,False,1,2,56,19,18,20,17565,
pro_matches,2023_2024,8104834488,1735543457,2111,False,1,2,56,3,33,43,17233,
pro_matches,2023_2024,8104832733,1735543340,1685,True,1,2,56,3,27,27,16313,
pro_matches,2023_2024,8104805333,1735541131,1600,False,1,2,56,3,13,39,17233,
pro_matches,2023_2024,8104794249,1735540247,2342,True,1,2,56,3,52,41,16313,
pro_matches,2023_2024,8104778341,1735538756,2789,True,1,2,56,19,30,33,17565,
pro_matches,2023_2024,8104771297,1735538176,1995,False,1,2,56,3,28,38,17233,
pro_matches,2023_2024,8104763516,1735537459,1846,False,1,2,56,3,27,29,16313,
pro_matches,2023_2024,8104749398,1735536166,1363,True,1,2,56,3,21,11,17233,
pro_matches,2023_2024,8104740591,1735535305,1455,True,1,2,56,3,32,15,16313,
pro_matches,2023_2024,8104679503,1735529678,1225,True,1,2,56,3,24,10,17163,
pro_matches,2023_2024,8104656020,1735527542,1468,False,1,2,56,3,10,27,17163,
pro_matches,2023_2024,8104630758,1735525260,1581,False,1,2,56,3,17,22,17163,
pro_matches,2023_2024,8104602577,1735522691,1513,False,1,2,56,3,10,21,17163,
pro_matches,2023_2024,8104565673,1735519209,2259,True,1,2,56,3,40,38,17163,
pro_matches,2023_2024,8104547094,1735517555,1079,True,1,2,56,8,43,17,17366,
pro_matches,2023_2024,8104536328,1735516730,1765,True,1,2,56,3,34,20,17163,
pro_matches,2023_2024,8104508435,1735514522,2114,False,1,2,56,8,44,67,17366,
pro_matches,2023_2024,8104499902,1735514093,1947,True,1,2,56,3,41,19,17163,
pro_matches,2023_2024,8104455092,1735511204,2041,True,1,2,56,3,33,29,17163,
pro_matches,2023_2024,8104454235,1735511013,2783,False,1,2,56,8,45,60,17366,
pro_matches,2023_2024,8104404849,1735508561,1692,True,1,2,56,3,32,14,17163,
pro_matches,2023_2024,8104347240,1735505521,1892,False,1,2,56,3,26,31,17163,
pro_matches,2023_2024,8104344745,1735505389,2540,True,1,2,56,8,57,43,17366,
pro_matches,2023_2024,8104280639,1735502755,2060,True,1,2,56,3,41,34,17163,
pro_matches,2023_2024,8104284877,1735502725,1775,True,1,2,56,8,36,28,17366,
pro_matches,2023_2024,8104238862,1735500795,1530,True,1,1,56,8,27,15,17366,
pro_matches,2023_2024,8103991249,1735490993,1442,False,1,2,56,3,19,42,17366,
pro_matches,2023_2024,8103918087,1735488301,1586,True,1,2,56,3,30,18,17366,
pro_matches,2023_2024,8103797171,1735484061,2319,True,1,2,56,3,61,36,17366,
pro_matches,2023_2024,8103709298,1735481018,2218,True,1,2,56,3,44,21,17366,
pro_matches,2023_2024,8103628722,1735478256,1656,True,1,2,56,3,43,12,17366,
pro_matches,2023_2024,8103496019,1735473356,2036,True,1,2,56,8,60,23,17366,
pro_matches,2023_2024,8103422225,1735470266,2352,False,1,2,56,8,33,62,17366,
pro_matches,2023_2024,8103352524,1735466896,1431,False,1,2,56,8,26,30,17366,
pro_matches,2023_2024,8103305931,1735464505,1580,False,1,2,56,8,28,52,17366,
pro_matches,2023_2024,8103268170,1735462525,1440,False,1,2,56,3,20,29,17233,
pro_matches,2023_2024,8103249024,1735461506,2006,False,1,2,56,8,23,41,17366,
pro_matches,2023_2024,8103222252,1735460057,1417,True,1,2,56,3,45,15,17233,
pro_matches,2023_2024,8103179958,1735457633,1735,True,1,2,56,3,40,26,17233,
pro_matches,2023_2024,8103155076,1735456100,921,True,1,2,56,3,30,10,17233,
pro_matches,2023_2024,8103110531,1735453303,1916,True,1,2,56,3,48,29,17233,
pro_matches,2023_2024,8103070955,1735450519,1884,False,1,2,56,3,26,41,17233,
pro_matches,2023_2024,8103040298,1735448197,1478,True,1,2,56,3,38,8,17233,
pro_matches,2023_2024,8103010005,1735445857,1636,False,1,2,56,3,13,44,17233,
pro_matches,2023_2024,8102741926,1735423868,2440,False,1,2,56,8,43,51,17366,
pro_matches,2023_2024,8102675449,1735420674,1353,True,1,2,56,8,41,15,17366,
pro_matches,2023_2024,8102594658,1735416803,2133,False,1,2,56,8,49,52,17366,
pro_matches,2023_2024,8102502667,1735412673,2360,True,1,2,56,8,51,52,17366,
pro_matches,2023_2024,8102424011,1735409516,2192,True,1,2,56,8,56,40,17366,
pro_matches,2023_2024,8102275414,1735403910,1587,False,1,2,56,3,20,54,17366,
pro_matches,2023_2024,8102194039,1735401087,1773,True,1,2,56,3,41,23,17366,
pro_matches,2023_2024,8102027639,1735395317,1866,True,1,2,56,3,44,39,17366,
pro_matches,2023_2024,8101916387,1735391394,2303,False,1,2,56,3,19,47,17366,
pro_matches,2023_2024,8101813510,1735387348,2248,False,1,2,56,3,28,42,17366,
pro_matches,2023_2024,8101750904,1735384565,1649,True,1,2,56,3,30,34,17366,
pro_matches,2023_2024,8101659676,1735379886,2248,False,1,2,56,3,25,50,17366,
pro_matches,2023_2024,8101592620,1735376179,2596,True,1,2,56,3,39,35,17366,
pro_matches,2023_2024,8101565491,1735374693,1576,False,1,2,56,3,34,52,17233,
pro_matches,2023_2024,8101517864,1735371843,1369,False,1,2,56,3,25,48,17233,
pro_matches,2023_2024,8101485026,1735369887,1467,False,1,2,56,3,36,41,17233,
pro_matches,2023_2024,8101449096,1735367221,1532,True,1,2,56,3,36,14,17233,
pro_matches,2023_2024,8101406481,1735364128,2000,False,1,2,56,3,39,50,17233,
pro_matches,2023_2024,8101377917,1735361806,1467,True,1,2,56,3,31,14,17233,
pro_matches,2023_2024,8101349031,1735359471,1792,False,1,2,56,3,33,47,17233,
pro_matches,2023_2024,8101310643,1735356144,1983,True,1,2,56,3,44,43,17163,
pro_matches,2023_2024,8101285611,1735354029,1678,False,1,2,56,3,20,40,17163,
pro_matches,2023_2024,8101259654,1735351754,1735,False,1,2,56,3,26,39,17163,
pro_matches,2023_2024,8101236320,1735349600,1477,True,1,2,56,3,25,14,17163,
pro_matches,2023_2024,8101208281,1735346875,2025,False,1,2,56,3,38,35,17163,
pro_matches,2023_2024,8101194798,1735345528,2226,False,1,2,56,8,43,55,17366,
pro_matches,2023_2024,8101183107,1735344459,1767,False,1,2,56,3,17,34,17163,
pro_matches,2023_2024,8101151055,1735341702,1793,False,1,2,56,3,29,28,17163,
pro_matches,2023_2024,8101151268,1735341631,2796,True,1,2,56,8,58,61,17366,
pro_matches,2023_2024,8101122190,1735339432,1575,True,1,2,56,3,23,15,17163,
pro_matches,2023_2024,8101089340,1735337192,2377,False,1,2,56,8,52,54,17366,
pro_matches,2023_2024,8101084603,1735336973,1868,True,1,2,56,3,35,28,17163,
pro_matches,2023_2024,8101043845,1735334500,1443,False,1,2,56,3,9,32,17163,
pro_matches,2023_2024,8101042141,1735334375,1857,False,1,2,56,8,23,58,17366,
pro_matches,2023_2024,8100993574,1735331899,2066,False,1,2,56,3,30,35,17163,
pro_matches,2023_2024,8100981983,1735331316,2184,False,1,2,56,8,39,42,17366,
pro_matches,2023_2024,8100947333,1735329715,1600,False,1,2,56,3,20,37,17163,
pro_matches,2023_2024,8100844725,1735325258,1973,False,1,2,56,8,27,63,17366,
pro_matches,2023_2024,8100817466,1735324345,3026,True,1,2,56,3,34,28,17381,
pro_matches,2023_2024,8100769193,1735322113,2077,True,1,2,56,8,51,40,17366,
pro_matches,2023_2024,8100757521,1735321682,1046,True,1,2,56,3,32,10,17233,
pro_matches,2023_2024,8100736566,1735321229,1896,False,1,2,56,8,15,47,17523,
pro_matches,2023_2024,8100715477,1735319968,2637,True,1,2,56,3,29,22,17381,
pro_matches,2023_2024,8100703699,1735319555,1532,True,1,2,56,3,27,20,17233,
pro_matches,2023_2024,8100684946,1735318792,1628,True,1,2,56,8,32,18,17366,
pro_matches,2023_2024,8100645496,1735317884,1819,False,1,2,56,8,6,36,17523,
pro_matches,2023_2024,8100633253,1735316938,1876,True,1,2,56,3,36,23,17233,
pro_matches,2023_2024,8100591261,1735315249,2802,False,1,2,56,3,23,40,17381,
pro_matches,2023_2024,8100577430,1735314814,1470,True,1,2,56,3,30,15,17233,
pro_matches,2023_2024,8100552564,1735314266,1928,False,1,2,56,8,10,40,17523,
pro_matches,2023_2024,8100550283,1735313738,936,True,1,2,56,8,39,26,17366,
pro_matches,2023_2024,8100508601,1735312286,1647,False,1,2,56,3,13,25,17233,
pro_matches,2023_2024,8100430920,1735309452,1882,True,1,2,56,3,39,15,17233,
pro_matches,2023_2024,8100431587,1735309450,2516,True,1,2,56,8,56,44,17366,
pro_matches,2023_2024,8100410117,1735309066,3551,True,1,2,56,8,36,25,17523,
pro_matches,2023_2024,8100373758,1735307403,1497,True,1,2,56,3,29,17,17233,
pro_matches,2023_2024,8100366465,1735307116,1356,True,1,2,56,8,36,25,17366,
pro_matches,2023_2024,8100299094,1735304735,2026,True,1,2,56,3,31,19,17233,
pro_matches,2023_2024,8100296407,1735304653,1043,True,1,2,56,8,22,5,17523,
pro_matches,2023_2024,8100264248,1735302989,2184,False,1,2,56,8,41,48,17366,
pro_matches,2023_2024,8100220320,1735301116,1442,True,1,2,56,3,45,23,17233,
pro_matches,2023_2024,8100207868,1735300864,2242,False,1,2,56,8,17,43,17523,
pro_matches,2023_2024,8100202582,1735300631,3168,False,1,2,56,17,29,39,17527,
pro_matches,2023_2024,8100200835,1735300122,2068,False,1,2,56,8,37,47,17366,
pro_matches,2023_2024,8100189775,1735299611,1724,True,1,2,56,3,40,23,16313,
pro_matches,2023_2024,8100157485,1735297954,1990,False,1,2,56,3,20,46,17233,
pro_matches,2023_2024,8100147750,1735297455,1536,True,1,2,56,3,38,10,16313,
pro_matches,2023_2024,8100146321,1735297362,1884,False,1,2,56,8,26,47,17366,
pro_matches,2023_2024,8100118524,1735295846,1321,False,1,2,56,3,11,25,17233,
pro_matches,2023_2024,8100101707,1735295065,3981,True,1,2,56,17,21,27,17527,
pro_matches,2023_2024,8100099263,1735294810,1287,True,1,2,56,3,37,12,16313,
pro_matches,2023_2024,8100083661,1735293664,2334,True,1,2,56,8,33,42,17366,
pro_matches,2023_2024,8100073659,1735293152,1459,True,1,2,56,3,34,18,17233,
pro_matches,2023_2024,8100055003,1735291845,2027,False,1,2,56,3,32,44,16313,
pro_matches,2023_2024,8100025984,1735291320,2105,False,1,2,56,17,8,23,17527,
pro_matches,2023_2024,8100038241,1735290667,1494,False,1,2,56,3,17,40,17233,
pro_matches,2023_2024,8100034856,1735290447,2548,False,1,2,56,8,41,59,17366,
pro_matches,2023_2024,8100018816,1735289518,1938,True,1,2,56,3,33,23,16313,
pro_matches,2023_2024,8100006397,1735288515,1404,True,1,2,56,3,36,31,17233,
pro_matches,2023_2024,8100000141,1735288074,1569,False,1,2,56,8,15,35,17366,
pro_matches,2023_2024,8099993906,1735287661,1544,True,1,2,56,3,44,18,17233,
pro_matches,2023_2024,8099977831,1735286466,1473,False,1,2,56,3,13,33,16313,
pro_matches,2023_2024,8099964436,1735285980,1931,True,1,2,56,17,29,14,17527,
pro_matches,2023_2024,8099965666,1735285562,1515,False,1,2,56,3,21,40,17233,
pro_matches,2023_2024,8099959269,1735285069,1755,False,1,2,56,3,27,35,17233,
pro_matches,2023_2024,8099943299,1735283795,1774,True,1,2,56,3,37,28,16313,
pro_matches,2023_2024,8099927142,1735282858,1304,False,1,2,56,17,10,19,17527,
pro_matches,2023_2024,8099929347,1735282604,1189,True,1,2,56,3,28,21,17233,
pro_matches,2023_2024,8099920116,1735281868,1719,True,1,2,56,3,43,30,17233,
pro_matches,2023_2024,8099910940,1735281077,1897,True,1,2,56,3,44,29,16313,
pro_matches,2023_2024,8099892628,1735279466,2298,True,1,2,56,3,69,35,17233,
pro_matches,2023_2024,8099886822,1735278853,1941,False,1,2,56,3,30,41,17233,
pro_matches,2023_2024,8099885344,1735278703,1492,True,1,2,56,3,25,23,16313,
pro_matches,2023_2024,8099861261,1735276543,2036,True,1,2,56,3,45,24,17233,
pro_matches,2023_2024,8099859593,1735276298,1546,False,1,2,56,3,19,28,16313,
pro_matches,2023_2024,8099853478,1735275682,1591,False,1,2,56,3,21,33,17233,
pro_matches,2023_2024,8099827347,1735273248,1847,True,1,2,56,3,38,23,17233,
pro_matches,2023_2024,8099764661,1735267245,1564,False,1,2,56,3,22,31,17163,
pro_matches,2023_2024,8099736052,1735264421,2136,True,1,2,56,3,43,46,17163,
pro_matches,2023_2024,8099713486,1735262171,1717,True,1,2,56,3,33,19,17163,
pro_matches,2023_2024,8099691222,1735259925,1525,False,1,2,56,3,19,30,17163,
pro_matches,2023_2024,8099663865,1735257229,1748,False,1,2,56,3,19,25,17163,
pro_matches,2023_2024,8099659097,1735256685,2484,True,1,2,56,3,55,67,17366,
pro_matches,2023_2024,8099631938,1735254319,2050,False,1,2,56,3,27,39,17163,
pro_matches,2023_2024,8099619538,1735253309,2021,False,1,2,56,3,24,36,17366,
pro_matches,2023_2024,8099596632,1735251586,1711,False,1,2,56,3,25,30,17163,
pro_matches,2023_2024,8099567350,1735249780,2166,True,1,2,56,3,30,20,17381,
pro_matches,2023_2024,8099558143,1735248999,1808,True,1,2,56,3,41,34,17163,
pro_matches,2023_2024,8099554205,1735248783,1537,False,1,2,56,3,20,49,17366,
pro_matches,2023_2024,8099520589,1735246826,1369,True,1,2,56,3,37,18,17163,
pro_matches,2023_2024,8099516557,1735246572,1350,True,1,2,56,3,42,12,17366,
pro_matches,2023_2024,8099483132,1735244805,3279,False,1,2,56,3,42,40,17381,
pro_matches,2023_2024,8099451485,1735243879,1925,False,1,2,56,3,32,28,17163,
pro_matches,2023_2024,8099456372,1735243528,2107,True,1,2,56,3,51,43,17366,
pro_matches,2023_2024,8099396437,1735240739,1367,True,1,2,56,3,29,4,17366,
pro_matches,2023_2024,8099366451,1735239598,3495,False,1,2,56,3,44,61,17381,
pro_matches,2023_2024,8099308341,1735236888,3005,True,1,2,56,3,81,60,17366,
pro_matches,2023_2024,8099301850,1735236787,3683,False,1,2,56,8,39,42,17523,
pro_matches,2023_2024,8099270802,1735235310,1252,True,1,1,56,3,33,12,17366,
pro_matches,2023_2024,8099231987,1735233711,1208,False,1,2,56,3,10,23,17381,
pro_matches,2023_2024,8099196680,1735232537,2140,True,1,2,56,8,27,19,17523,
pro_matches,2023_2024,8099140955,1735230165,1639,True,1,2,56,3,31,25,17233,
pro_matches,2023_2024,8099126400,1735229503,1064,True,1,2,56,8,24,5,17366,
pro_matches,2023_2024,8099103159,1735228808,3344,True,1,2,56,3,40,35,17381,
pro_matches,2023_2024,8099085470,1735227963,1687,False,1,2,56,3,19,37,17233,
pro_matches,2023_2024,8099062667,1735227352,3234,True,1,2,56,8,35,36,17523,
pro_matches,2023_2024,8099043467,1735226296,610,False,1,2,56,19,10,5,17150,
pro_matches,2023_2024,8099030460,1735225815,2887,False,1,2,56,8,59,59,17366,
pro_matches,2023_2024,8099021292,1735225500,1643,True,1,2,56,3,33,31,17233,
pro_matches,2023_2024,8099002851,1735224793,643,False,1,2,56,19,4,12,17150,
pro_matches,2023_2024,8098959568,1735223186,577,False,1,2,56,19,2,10,17150,
pro_matches,2023_2024,8098951921,1735222928,1893,False,1,2,56,3,25,31,17233,
pro_matches,2023_2024,8098929823,1735222283,2451,True,1,2,56,8,32,22,17523,
pro_matches,2023_2024,8098932726,1735222256,2478,False,1,2,56,8,44,54,17366,
pro_matches,2023_2024,8098892448,1735220719,1371,True,1,2,56,3,27,12,17233,
pro_matches,2023_2024,8098823211,1735218383,1657,False,1,2,56,3,23,34,17233,
pro_matches,2023_2024,8098817943,1735218090,2628,True,1,2,56,8,37,21,17523,
pro_matches,2023_2024,8098789453,1735216680,1259,True,1,2,56,8,33,10,17366,
pro_matches,2023_2024,8098733711,1735214434,2088,False,1,2,56,8,16,36,17523,
pro_matches,2023_2024,8098724347,1735213802,2331,False,1,1,56,8,28,54,17366,
pro_matches,2023_2024,8098705971,1735212953,1317,False,1,2,56,3,20,37,16313,
pro_matches,2023_2024,8098659704,1735211147,2378,False,1,2,56,17,21,44,17527,
pro_matches,2023_2024,8098670521,1735211061,3224,True,1,2,56,3,45,34,17381,
pro_matches,2023_2024,8098666747,1735210926,2011,False,1,2,56,3,35,47,17233,
pro_matches,2023_2024,8098651418,1735210108,1497,True,1,2,56,3,45,22,16313,
pro_matches,2023_2024,8098629711,1735208766,1456,True,1,2,56,3,26,16,17233,
pro_matches,2023_2024,8098611360,1735207802,1653,True,1,2,56,17,41,14,17527,
pro_matches,2023_2024,8098604137,1735207421,2017,False,1,2,56,3,12,32,17381,
pro_matches,2023_2024,8098607384,1735207336,1608,False,1,2,56,3,19,22,16313,
pro_matches,2023_2024,8098601649,1735206889,2564,False,1,2,56,8,42,43,17366,
pro_matches,2023_2024,8098582978,1735205665,1845,True,1,2,56,3,50,28,17233,
pro_matches,2023_2024,8098570275,1735204985,1499,True,1,2,56,3,37,12,16313,
pro_matches,2023_2024,8098565881,1735204683,934,False,1,2,56,17,0,13,17527,
pro_matches,2023_2024,8098558955,1735203998,920,False,1,2,56,3,5,39,17233,
pro_matches,2023_2024,8098549429,1735203252,1183,True,1,2,56,3,38,19,17233,
pro_matches,2023_2024,8098545409,1735202988,2520,True,1,2,56,8,49,36,17366,
pro_matches,2023_2024,8098538916,1735202540,1598,True,1,2,56,3,36,17,16313,
pro_matches,2023_2024,8098513822,1735201007,2041,False,1,2,56,17,14,26,17527,
pro_matches,2023_2024,8098517932,1735200982,1937,True,1,2,56,3,38,30,17233,
pro_matches,2023_2024,8098513436,1735200589,1307,False,1,2,56,3,19,39,17233,
pro_matches,2023_2024,8098505113,1735199939,1595,False,1,2,56,3,28,30,16313,
pro_matches,2023_2024,8098486898,1735198605,1562,False,1,2,56,3,15,42,17233,
pro_matches,2023_2024,8098472394,1735197349,1855,True,1,2,56,3,44,19,16313,
pro_matches,2023_2024,8098471801,1735197308,1860,True,1,2,56,3,40,37,17233,
pro_matches,2023_2024,8098464945,1735196645,2593,False,1,2,56,17,19,29,17527,
pro_matches,2023_2024,8098451795,1735195557,1738,True,1,2,56,3,35,36,17233,
pro_matches,2023_2024,8098441925,1735194746,1840,True,1,2,56,3,43,32,16313,
pro_matches,2023_2024,8098442471,1735194732,1727,False,1,2,56,3,21,39,17233,
